Date,New Tree Request
2020-06-01,32
2020-06-17,62
2020-06-23,61
2020-06-24,65
2020-06-27,34
2020-06-29,43
2020-06-30,74
2020-07-09,92
2020-07-10,55
2020-07-15,65
2020-07-16,30
2020-07-19,31
2020-07-24,41
2020-07-29,32
2020-08-01,30
2020-08-03,58
2020-08-04,72
2020-08-06,79
2020-08-07,57
2020-08-10,62
2020-08-11,80
2020-08-12,46
2020-08-15,42
2020-08-16,20
2020-08-25,182
2020-08-28,36
2020-09-01,47
2020-09-03,26
2020-09-07,21
2020-09-08,60
2020-09-14,38
2020-09-17,92
2020-09-21,28
2020-09-28,32
2020-09-30,34
2020-10-01,66
2020-10-24,21
2020-10-27,64
2020-06-02,106
2020-06-05,54
2020-06-08,62
2020-06-19,52
2020-07-03,50
2020-07-07,61
2020-07-08,67
2020-07-13,77
2020-07-22,30
2020-08-05,94
2020-08-26,33
2020-08-27,51
2020-09-09,50
2020-10-03,22
2020-10-10,48
2020-10-11,70
2020-10-13,29
2020-10-15,32
2020-10-16,29
2020-10-17,24
2020-10-18,32
2020-10-19,59
2020-10-20,52
2020-10-23,75
2020-11-04,72
2020-11-05,29
2020-11-20,15
2020-06-04,66
2020-06-06,17
2020-06-07,33
2020-06-12,50
2020-06-13,38
2020-06-14,44
2020-06-15,50
2020-06-21,42
2020-06-22,84
2020-07-01,27
2020-07-04,21
2020-07-06,39
2020-07-11,29
2020-07-17,41
2020-07-21,55
2020-07-28,55
2020-08-09,63
2020-08-14,56
2020-08-17,41
2020-08-18,51
2020-08-31,26
2020-09-02,51
2020-09-04,27
2020-09-05,16
2020-09-16,46
2020-09-22,29
2020-09-24,44
2020-10-04,37
2020-10-06,41
2020-10-08,31
2020-10-22,33
2020-10-26,44
2020-11-10,41
2020-11-12,17
2020-11-13,17
2020-11-16,28
2020-06-03,41
2020-06-09,71
2020-06-10,64
2020-06-11,45
2020-06-16,66
2020-06-18,108
2020-06-20,47
2020-06-25,73
2020-06-26,46
2020-06-28,64
2020-07-18,23
2020-07-20,72
2020-07-25,32
2020-07-27,39
2020-07-31,28
2020-08-13,39
2020-08-19,39
2020-08-20,39
2020-08-21,29
2020-08-24,49
2020-08-29,16
2020-09-11,28
2020-09-13,25
2020-09-15,50
2020-09-18,28
2020-09-26,45
2020-10-02,45
2020-10-14,29
2020-10-21,54
2020-10-28,44
2020-10-31,17
2020-11-02,34
2020-11-03,19
2020-11-07,40
2020-11-09,32
2020-11-11,37
2020-11-15,11
2020-11-18,62
2020-11-19,9
2020-11-23,40
2020-11-24,20
2020-07-12,28
2020-07-26,31
2020-08-08,19
2020-10-05,38
2020-10-07,63
2020-10-09,40
2020-10-29,20
2020-07-02,67
2020-07-05,23
2020-07-30,39
2020-08-02,25
2020-09-23,43
2020-07-14,107
2020-08-22,17
2020-09-06,19
2020-09-10,49
2020-09-19,22
2020-09-27,19
2020-09-29,32
2020-10-30,24
2020-11-14,15
2020-11-17,45
2020-11-21,6
2020-09-12,35
2020-09-25,35
2020-11-08,27
2020-07-23,38
2020-08-30,12
2020-09-20,10
2020-11-01,45
2020-11-06,18
2020-11-22,11
2020-08-23,28
2020-10-12,12
2020-10-25,31